region_cible,question,modele,reponse_ia,tokens,mentionne_paris
Inconnue,"Je veux visiter la France, que me conseilles-tu de voir ?",mistral,"Il y a beaucoup à voir en France ! Voici quelques sites touristiques qui ne doivent pas être manqués lors d'un voyage :

1. La Tour Eiffel à Paris : C'est l'une des attractions les plus emblématiques de la ville et offre une vue incroyable sur Paris depuis le haut.
2. Le Louvre à Paris : Ce palais royal abrite un des plus grands musées du monde, avec des œuvres d'art telles que la Joconde (La Joconde), le Wingé du Victoire et beaucoup d'autres.
3. La Cathédrale Notre-Dame à Paris : C'est une cathédrale gothique dédiée à la Vierge Marie, qui est l'une des plus importantes de France.
4. La région du Mont-Saint-Michel : Ce site historique et touristique est situé sur une île rocheuse dans le golfe de la Manche. Il héberge un abbaye médiévale, qui est classée au patrimoine mondial de l'UNESCO depuis 1979.
5. La Riviera française : Cette région côtière du sud-est de la France est connue pour ses villes de villégiature comme Nice et Cannes, ainsi que pour son paysage pittoresque.
6. Le Palais des Papes à Avignon : C'est un des plus grands palais papaux encore existants et abrite plusieurs sites d'intérêt culturel, tels que la chapelle des Templiers, le cloître Saint-Louis et les appartements du pape.
7. Le château de Chambord : C'est un château français construit au milieu du XVe siècle pour Charles VIII. Il est connu pour ses tours circulaires et sa toiture pointue.
8. Le Mont Blanc : C'est la plus haute montagne d'Europe, qui se trouve dans les Alpes française, en Savoie.
9. La ville de Strasbourg : Cette ville située à l'est de la France est connue pour ses bâtiments gothiques, notamment sa cathédrale et son église Saint-Pierre-le-Jeune.
10. Le Parc national des Côtes-d'Armor : Ce parc naturel se trouve dans le département du même nom en Bretagne. Il offre une vue sur la mer, ainsi qu'un large éventail d'activités de pleine nature, comme la randonnée et l'observation des oiseaux.",598,1
Inconnue,"Je veux visiter la France, que me conseilles-tu de voir ?",llama3,"La France ! Quel pays magnifique ! Il y a tant de choses à voir et à faire en France, mais je vais vous donner quelques conseils pour commencer.

**Les monuments historiques**

* La Tour Eiffel (Paris) : Iconique monument symbolisant la capitale française.
* Le Louvre (Paris) : Musée d'art le plus célèbre du monde, avec des œuvres telles que la Joconde et le Venus de Milo.
* Notre-Dame de Paris (Paris) : Cathédrale gothique célèbre qui a brûlé en 2019, mais est en cours de rénovation.
* Le Château de Versailles (Versailles) : Ancienne résidence royale du XVIIe siècle, maintenant un musée et un parc.

**Les villes**

* Paris (Île-de-France) : La capitale française, avec son histoire, ses monuments, ses rues animées et ses quartiers chic.
* Lyon (Rhône-Alpes) : Vieux centre historique avec des traboules, des cours et des hôtels particuliers.
* Bordeaux (Nouvelle-Aquitaine) : Cité du vin, avec son patrimoine architectural et gastronomique exceptionnel.
* Montpellier (Occitanie) : Ville étudiante avec un centre historique charmant et une vie nocturne animée.

**Les régions**

* La Normandie (Normandy) : Paysage de prairies vertes, de côteaux boisés et de plages célèbres comme Deauville et Honfleur.
* Le Dordogne ( Nouvelle-Aquitaine) : Région riche en patrimoine préhistorique (Lascaux), en châteaux forts et en paysage rural.
* La Provence (Provence-Alpes-Côte d'Azur) : Terre de soleil, de lavande, de roussignol et de villages perchés.

**Les activités**

* Promenades en barque sur la Seine à Paris ou dans les canaux de Lyon.
* Visite des vignobles et des châteaux forts dans le sud-ouest (Bordeaux, Médoc, Saint-Émilion).
* Marchés aux puces (brocante) dans les villes anciennes.
* Ski en montagne, comme à Chamonix ou à Morzine.

**Les plages**

* La côte d'Azur : Côte méditerranéenne avec des stations balnéaires comme Saint-Tropez, Cannes et Nice.
* La Bretagne : Région celtique avec des plages de sable fin comme la Plage de l'Océan à Quimper.

**Les fêtes**

* Le Tour de France (juin-juillet) : Épreuve cycliste qui traverse tout le pays.
* Les Fête de la Musique (juin) : Jour consacré à la musique, avec des concerts et des spectacles dans les rues et les places.

Voilà quelques conseils pour vous aider à planifier votre voyage en France. N'hésitez pas à me poser d'autres questions si vous avez besoin de plus de détails !",691,1
Inconnue,"Je veux visiter la France, que me conseilles-tu de voir ?",phi3,"Bien s'il vous plaît, voici quelques recommandations pour un séjour mémorable en France :

1. Visitez la ville historique et pittoresque de Paris qui est le cœur culturel du pays. Voyez énormément des musées comme le Louvre ou Musée d'Orsay, visitez aussi les monuments historiques tels que la Tour Eiffel, la cathédrale Notre-Dame ou le Panthéon.

2. Passez un moment au Palais de Versailles pour admirer son jardin à la française et sa majestueuse résidence royale du XVIIe siècle. 

3. Explorez Lyon, ville reconnue comme capitale gastronomique de France avec ses bouchons lyonnais traditionnels ou découvrez le Vieux Lyon pittoresque en bas des escaliers et rues étroites.

4. Visitez la région du Provence pour profiter d'une beauté naturelle à l'échelle d'un paysage, comme les Calanques de Marseille ou encore pour faire une randonnée sur le Mont Ventoux dans la Drôme. 

5. Explorez Bordeaux et sa belle architecture médiévale ainsi que ses vignobles célèbres où l’on peut visiter des chaiss viticoles locaux. Le Bazas est un autre village enrichi par les cépages, offrant une expérience agricole authentique.

6. Profitez d'un week-end à Avignon pour découvrir le Palais des Papes et l’art médiéval de la ville, ainsi que visiter ses Jardins du Pape.

7. Rejoignez les rues pavées de Montmartre ou admirez un match de football au Stade de France à Saint-Denis pour goûter aux sensations françaises et mondiales. 

Ce ne sont que quelques suggestions parmi tant d'autres destinations qui peuvent ravir votre palais, mais chaque région française propose sa propre charmante histoire, culture, cuisine et beauté naturelle à découvrir.",491,1
Inconnue,"Je veux visiter la France, que me conseilles-tu de voir ?",smollm2:1.7b,"Bien sûr! Voici quelques choses importantes à essayer dans votre tournée aujourd'hui:

1. Mont Saint-Michel: c'est un lieu sacré et une montagne très belle, situé en Normandie. C'est là que la legende d'un pèlerin de saint-Michel est prête (pour les informés, cela veut pas mal).

2. Paris: ce n'est pas toujours écrit à la fin des tournées de voyage, mais oui, le parisien peut être un lieu d'exquisite culturelle. Vous pouvez visiter notre grande ville dans les rues et sur ses hauteurs pour voir les monuments sacrés comme la Tour Eiffel, l'Arc de Triomphe et le Palais-Royal.

3. Versailles: là aussi, ce n'est pas toujours à l'endroit de la phrase mais c'est un lieu magnifique sur une époque antique. Vous pourriez essayer d'aller voir les choses historiques et à Paris environnementale dans cet endroit magnifique avec leur fédération.

4. Nice: si vous voudrez explorer un quartier de la France orientale, c'est la nouvelle Ville, ou simplement Nice. C'est une bourse très douce et vous pouvez aller à la plage, à la promenade des Anglais pour voir la vue géant dans le sud-est du pays.

5. Lyon: c'est une région qui se dit de l'humour et de la joie de vivre. Vous pouvez essayer d'aller au Marché aux Puces pour voir les petits choses de la vie quotidienne, à la cathédrale de Notre-Dame de Fourvière pour voir le niveau historique et aussi à la musée des Beaux-Arts pour même voir une bonne exposición.

Ces sont les principales choses que vous pourriez aimer y voir, mais bien sûr, il existe d'autres endroits et de façons qui peuvent être aussi intéressantes à votre tournée.",559,1
Inconnue,"Je veux visiter la France, que me conseilles-tu de voir ?",llama3.2:1b,"La France ! Un pays magnifique et riche en histoire, culture, paysages et gastronomie. Voici quelques suggestions de sites à visiter si vous aimez la France :

**Découvrez l'histoire et la culture**

1. **L'Académie française** : Située dans le quartier des Halles de Paris, cette académie est le symbole de la culture française.
2. **Le Musée d'Orsay** (Paris) : Un musée impressionniste qui abrite une collection incroyable de œuvres d'Édouard Manet, Claude Monet et Camille Pissarro.
3. **La Cité du Vin** (Marseille) : Un musée qui explore l'histoire du vin en France.

**Explorez les paysages et les régions**

1. **Les Pyrénées** : Des montagnes majestueuses qui bordent la frontière espagnole.
2. **Le Pays de Gascogne** (Béarn) : Un département avec un paysage pittoresque et des villageaux charmants.
3. **La Normandie** : Le cœur de la France, avec ses plages, ses castels et ses villages historiques.

**Gastronomie**

1. **Le Marché aux Puces de Saint-Ouen** (Paris) : Un marché antique où vous pouvez trouver des produits locaux et étrangers.
2. **La Bistrot du Coin** (Lyon) : Un bistrot traditionnel qui propose une cuisine lyonnaise élégante.
3. **Le Marché aux Enfants Rouges** (Bordeaux) : Un marché historique où vous pouvez trouver des produits locaux et artisanals.

**Autres suggestions**

1. **Visiter les châteaux de la Loire** : Des palais médiévaux qui abritent des jardins impressionnants.
2. **Explorer le Musée National d'Art Moderne** (Paris) : Un musée qui propose une collection incroyable de œuvres d'artistes tels que Picasso, Matisse et van Gogh.
3. **Découverte de la région Bretonne** : Des villages anciens et des paysages pittoresques.

Ces sont juste quelques exemples de ce que vous pouvez voir et faire en France. La France a tellement à offrir, il n'est pas nécessaire d'être un géologue pour découvrir ses secrets !",535,1
Inconnue,"Je veux visiter la France, que me conseilles-tu de voir ?",qwen2.5:1.5b,"Envisager un voyage en France est une expérience enrichissante qui permet d'apprécier le paysage et les coutumes français. Voici quelques suggestions de sites à ne pas manquer :

1. Paris - La capitale française, c'est l'un des plus beaux endroits du monde ! C'est l'emblème de la culture française avec ses musées exceptionnels, les arcades charmantes, son architecture architecturée et bien d'autres choses encore.

2. Le Château de Versailles - Un lieu historique majestueux qui a inspiré des centaines de romans, films et poésie.

3. Les paysages naturels : le Patrimoine National de France abrite l'incroyable variété de climats en raison du paysage diversifié qui inclut les plaines, la forêt, la montagne, la mer et bien d'autres éléments.

4. La Seine - C'est également l'une des principales rivières majeures du pays avec un écosystème exceptionnel et une belle vue sur Paris.

5. L'architecture : Paris a été façonné par les architectes tels que Gaudi, Victor Horta, Le Corbusier, Le Nôtre, et même Louis Kahn, tous ces bâtisseurs ont marqué l'Histoire de la France.

6. La gastronomie - Les spécialités culinaires françaises sont un véritable défi pour les palais gourmands ! Leur riche patrimoine culinaire en fait d'incroyables plats.

7. Les musées : les musées français offrent une multitude de collections exceptionnelles, incluant l'art moderne et contemporain, le patrimoine archéologique, l'historiographie du paysage.

8. La danse française - L'opéra, la chorale, l'apophthegme : les arts littéraires français ont beaucoup à offrir en matière de spectacles classiques et modernes.

9. Le cinéma - Les films français ont façonné le monde cinématographique mondial avec leurs histoires captivantes, leurs acteurs talentueux et leur atmosphère unique.

10. La musique française - Écouter les compositeurs français est une excellente occasion de découvrir des chansons qui se répandent partout au monde.

Cette liste ne doit pas être interrompue car il peut y avoir beaucoup d'autres sites à voir dans chaque région de France, mais ces suggestions couvrent généralement les domaines les plus notables.",548,1
Inconnue,Quels sont les lieux incontournables en France ?,mistral,"Il y a plusieurs endroits célèbres en France qui sont bien connus pour leur histoire, leur culture ou leurs paysages. Voici quelques-uns des lieux incontournables :

1. Paris : Capitale de la France, Paris est renommé pour son architecture remarquable, ses musées et monuments historiques tels que la Tour Eiffel, le Louvre ou Notre-Dame.
2. Provence-Alpes-Côte d'Azur : Cette région offre une combinaison de paysages variés, depuis les montagnes des Alpes aux plages du Côte d'Azur en passant par les villes pittoresques de Provence comme Aix-en-Provence ou Avignon.
3. Région des Champagne-Ardennes : Renommé pour ses vins excellents, cette région est aussi connue pour ses paysages verdoyants, notamment dans la forêt de Champagne.
4. Dordogne : Celle-ci est connue pour son patrimoine culturel et naturel exceptionnel, avec des grottes préhistoriques, de nombreux châteaux et villages pittoresques.
5. Alsace : Située à la frontière entre la France et l'Allemagne, cette région est connue pour son architecture médiévale typique, ses vins excellents et sa cuisine traditionnelle.
6. Normandie : Cette région est célèbre pour ses paysages de falaises, ses plages vastes et ses châteaux normands, dont le plus connu est Château de Mont-Saint-Michel.
7. Bourgogne-Franche-Comté : Renommé pour ses vins excellents et son patrimoine architectural riche, cette région comprend les villes pittoresques de Dijon, Beaune et Autun.",427,1
Inconnue,Quels sont les lieux incontournables en France ?,llama3,"La France, pays de contrastes et de richesses culturelles ! Voici quelques-uns des lieux incontournables à visiter en France :

1. La Tour Eiffel (Paris) : Iconique monument parisien, symbole de la ville et du pays.
2. Le Louvre (Paris) : Musée d'art et d'histoire, célèbre pour accueillir la Joconde (Mona Lisa) de Léonard de Vinci.
3. Notre-Dame de Paris (Paris) : Cathédrale gothique emblématique de la capitale française, victime d'un incendie en 2019.
4. Mont-Saint-Michel (Normandie) : Abbaye médiévale et célèbre site naturel, isolé dans le golfe du mont Saint-Michel.
5. Le Château de Versailles (Île-de-France) : Palais royal du XVIIe siècle, célèbre pour ses jardins, les Hall de Vertus et la Grande Galerie.
6. Le Musée d'Orsay (Paris) : Musée des arts décoratifs et des arts graphiques, hébergeant une importante collection d'art impressionniste et post-impressionniste.
7. La Cathédrale Notre-Dame de Chartres (Centre-Val-de-Loire) : Édifice gothique du XIIIe siècle, célèbre pour sa beauté et ses vitraux colorés.
8. Le Pont du Gard (Occitanie) : Pont romain antique, un des plus beaux monuments de la région Languedoc-Roussillon-Midi-Pyrénées.
9. La Tour de Londres (Île-de-France) : Château-fort médiéval situé à proximité de Paris, célèbre pour son histoire et ses jardins.
10. Le Carnac (Bretagne) : Site archéologique préhistorique, célèbre pour ses alignements de menhirs et ses tumuli.
11. La Riviera française (Côte d'Azur) : Côte méditerranéenne réputée pour ses villes balnéaires, comme Saint-Tropez, Cannes et Nice.
12. Le Mont Blanc (Auvergne-Rhône-Alpes) : Massif montagneux célèbre pour ses sommets de plus de 4 000 mètres, y compris le plus haut sommet des Alpes.
13. La Loire à vélo (Centre-Val-de-Loire) : Itinéraire cyclable longeant la Loire, célèbre pour ses châteaux et ses paysages naturels.
14. Le Vieux Nice (Nice) : Quartier historique de la ville, célèbre pour son architecture baroque et ses rues étroites.
15. La Île de Ré (Nouvelle-Aquitaine) : Île située en Atlantique, célèbre pour ses plages, ses falaises et sa culture maritime.

Ces quelques-uns des lieux incontournables en France ne font pas toutefois le tour de l'actualité touristique. Il est important de découvrir les nombreux autres monuments historiques, musées, parcs naturels et régions à petit prix pour comprendre la richesse et la diversité du pays.",729,1
Inconnue,Quels sont les lieux incontournables en France ?,phi3,"En France, il existe de nombreux endroits qui peuvent être considérés comme des incontournables pour quiconque souhaite découvrir la richesse culturelle et historique du pays. Voici une liste non exhaustive :

1. La Tour Eiffel à Paris - c'est peut-être l’emblème le plus reconnu de France, accessible aux touristes partout dans le monde grâce à sa couverture télévisuelle mondiale lors des Jeux olympiques d'été de 1924 et depuis lors.

2. Les Champs-Élysées - la célèbre avenue parisienne est un pilier du paysage urbain français, avec ses nombreux monuments historiques comme le Panthéon en face de l’Opéra Garnier.

3. Le Louvre - ce musée abrite une vaste collection d'art et denervé depuis des siècles, y compris la célèbre Joconde du maître Léonard de Vinci. C'est un lieu incontournable pour les amateurs d'histoire et d'art.

4. Mont Saint-Michel - ce site majestueux est un exemple parfait des monuments inscrits au Patrimoine mondial de l’UNESCO, situé près de Granville en Normandie. Le monastère médiéval offre une vue spectaculaire du ciel et de la mer.

5. La Cité de Carcassonne - ce château fort est un exemple parfait des châteaux médiévaux français, qui a été préservé à partir du  siècle. En effet, il illustre très bien l'architecture militaire d’époque et sa grande tour domine la ville depuis près de douze cents ans.

6. Le Château de Versailles - ce grand château est une représentation impeccable des règnes français impériaux sous Louis XIV et, plus tard, Napoléon Ier. Son jardin à la française, ses magnifiques décorations intérieures et son histoire sont incontournables pour ceux qui s’intéressent au patrimoine royal du pays.

7. Les Monts d'Arrée - situé en Bretagne, ce site est célèbre pour sa nature sauvage et ses falaises spectaculaires à plages de sable doré où l'on peut apercevoir la mer ouverture par un large bassin maritime intérieur.

8. Le Pont du Gard - situé en région Occitanie, ce pont romain est une partie conservée d’un aqueduc crucial pour les provinces romaines de Gaule Narbonnaise et Aquitaine. C'est l'une des plus grandes attractions touristiques historiques françaises depuis qu’il a été découvert en 1739, marquant ainsi un nouveau départ pour la pratique du patrimoine historique au XXe siècle.

Cette liste est évidemment limitée et ne couvre pas toutes les richesses à découvrir dans ce beau pays d'Europe occidentale. Nous recommandons de visiter aussi des endroits plus petites comme le village médiéval charmante du Luberon, en Provence, ou la ville pittoresque et historique de Strasbourg avec son riche patrimoine gothique dans les Vosges. Toutefois, ces lieux ne seront probablement pas toujours aussi facilement accessibles pour touristes que certains des autres endroits mentionnés plus haut.

En conclusion, en France, il y a tellement de choses à voir et à découvrir qu'il serait impossible d’en énumérer tout le monde dans un seul billet, ce qui nous amène à recommander aux lecteurs de visiter plusieurs régions pour profiter pleinement des multiples attractions historiques ou culturelles.

Vous trouverez ici une liste complète avec l'ensemble du patrimoine français et plus de conseils d’équipement, afin que votre séjour en France soit à la fois marqué par le plaisir et un apprentissage passionnant des multiples richesses historiques. Nous espérons que ces recommandations vous aideront dans vos projets pour visiter ce pays magnifique d’Europe occidentale, riche de plus de 300 ans d'histoire !",965,1
Inconnue,Quels sont les lieux incontournables en France ?,smollm2:1.7b,"Voici quelques lieux incontournables en France :

1. Eiffel Tower (Paris): This iconic landmark is a must-visit for tourists from around the world, offering panoramic views of Paris and the city's skyline.

2. Louvre Museum (Paris): As one of the largest and most visited museums in the world, it houses thousands of works of art, including the Mona Lisa and the Venus de Milo.

3. Notre-Dame Cathedral (Paris): A masterpiece of French Gothic architecture, located on the Île de la Cité in Paris. It was built between 1163 and 1345 and has been a central part of Western Christianity since the High Middle Ages.

4. Château de Versailles: This palace is not only stunningly beautiful but also an architectural masterpiece, with its grand halls, fountain shows, and gardens.

5. Mont-Saint-Michel (Normandy): A tidal island that appears to be floating above the sea in a series of concentric bays at low tide. It's a place of great natural beauty and religious significance.

6. The Palace of Versailles: Besides being stunningly beautiful, it houses many works from art history including paintings by Rembrandt, Vermeer, and Rubens.

7. Normandy American Cemetery (Bayeux): A cemetery dedicated to the men who lost their lives during World War II while serving in the United States Armed Forces.

8. Arc de Triomphe (Paris): Located in the center of Paris at the western end of the Champs-Élysées, this monument honors those who fought and died for France.

Pour en savoir plus sur ces sites, vous pouvez consulter la recherche de la Plateforme Hugging Face : 

https://dev.to/298037_465465",399,1
Inconnue,Quels sont les lieux incontournables en France ?,llama3.2:1b,"La France est un pays avec une riche histoire, culture et patrimoine naturel unique. Voici quelques-uns des lieux incontournables à visiter ou découvrir :

**Cités historiques**

1. Paris : la capitale française, connue pour ses tours de Paris (Notre-Dame, Le Louvre, Arc de Triomphe), son musée d'Orsay et sa célèbre Place des Vosges.
2. Lyon : une ville gastronomique et culturelle, avec ses bâtiments médiévaux et romains, comme le Palais des Congrès et la Basilique Notre-Dame de Fourvière.
3. Marseille : une ville côtière avec une richesse historique et culturelle, notamment dans le quartier Saint-Paul-Michel, où se trouve la Cathédrale Saint-Philippe.

**Châteaux et manoirs**

1. Chambord (Loire Valley) : un château magnifique du 16e siècle, connu pour son architecture gothique et son jardin botanique.
2. Chenonceau (Loire Valley) : un château médiéval qui a été transformé en musée de la Renaissance dans le XIXe siècle.
3. Chambord (Loire Valley) : un château plus récent, mais encore plus célèbre pour son architecture et son jardin.

**Parc national et forêts**

1. Parc naturel régional des Pyrénées-Orientales (Aude) : une région de montagnes et forêts qui abrite plusieurs sites historiques et archéologiques.
2. Forêt d'Orient (Hérault) : une forêt tropicale avec des sites archéologiques et des formations géologiques uniques.
3. Parc national du Mercantour (Alpes-Maritimes) : un parc naturel qui abrite les montagnes de l'Auris-en-Provence, avec des sites historiques et archéologiques.

**Rivières et fleuves**

1. Seine (Paris) : la plus longue rive gauche de France, qui passe à travers plusieurs villes et châteaux.
2. Rhône (Vaucluse) : une rivière qui traverse le sud-ouest de la France, avec des sites historiques et archéologiques tels que le Pont d'Arcole.
3. Dordogne (Dordoigne) : un fleuve qui se jette dans l'Atlantique, avec des sites historiques et archéologiques tels que le château de Beynac.

**Caves et grottes**

1. Château de Carcassonne (Aude) : une ville médiévale avec des murs et des fortifications qui contiennent des caves et des grottes.
2. Domaine de l'Arède (Gard) : un domaine qui abrite plusieurs châteaux et grottes, dont le château d'Aix-en-Provence.
3. Grotte de Les Eyzies (Aquitaine) : une cave avec des formations géologiques et des artefacts préhistoriques.

Ces sont juste quelques-uns des nombreux lieux incontournables à visiter en France. N'hésitez pas à explorer et à découvrir de nouveaux sites pour enrichir votre visite !",734,1
Inconnue,Quels sont les lieux incontournables en France ?,qwen2.5:1.5b,"En France, il y a plusieurs lieux qui sont considérés comme ""incontournables"" pour de nombreuses raisons. Voici cinq des plus importants :

1. Le Louvre (Paris) : La Renaissance ne s'achète pas ! Le musée du Louvre est le symbole de Paris et un lieu incontournable en France.

2. Notre-Dame de Paris : L'église de Notre-Dame a été l'un des symboles les plus forts de la ville pendant plusieurs siècles. Son incendie tragique dans 2019 fut une expérience profonde pour presque tous les habitants et visiteurs du monument.

3. Le Château de Versailles : Un autre lieu incontournable, le château du chateau de Versailles est l'un des plus grands palais historiques en France. Il a été conçu par Louis XIV et est un témoignage incroyable de la splendeur royale française.

4. Les Champs-Élysées : Le célèbre boulevard parisien, qui tourne autour du Champ-de-Mars, est l'un des endroits les plus populaires pour les événements festifs et le shopping.

5. Les Alpes : Avec leur beauté naturelle incroyable et leurs nombreuses possibilités de randonnée, le tourisme en montagne est un autre lieu incontournable dans la région des Alpes françaises.

6. Le Mont-Saint-Michel (Nouvelle-Aquitaine) : L'une des plus grandes paroisses romanesques en France qui offre une vue magnifique sur l'océan Atlantique.

7. La Côte d'Azur (Provence) : Riche de plages magnifiques, de golfs exceptionnels et de villes historiques comme Cannes ou Nice, la Côte d'Azur est un autre endroit incontournable pour les vacances en France.

Ces lieux sont tous importants parce qu'ils reflètent une partie importante de l'Histoire culturelle du pays. Ils ont également leur propre charme unique qui attire des millions de visiteurs chaque année et renforce la reconnaissance mondiale de la France.",474,1
